{"cameraMode":{"drawMode":0,"name":"Shaded","section":"Shading Mode"},"sceneLighting":true,"audioPlay":false,"sceneViewState":{"m_AlwaysRefresh":false,"showFog":true,"showSkybox":true,"showFlares":true,"showImageEffects":true,"showParticleSystems":true,"showVisualEffectGraphs":true,"m_FxEnabled":true},"in2DMode":false,"pivot":{"x":-5.588432312011719,"y":-17.339509963989259,"z":17.93097496032715},"rotation":{"x":-0.37682947516441347,"y":0.06300213932991028,"z":-0.025709189474582673,"w":-0.9237998723983765},"size":43.22438049316406,"orthographic":false}