{"cameraMode":{"drawMode":0,"name":"Shaded","section":"Shading Mode"},"sceneLighting":true,"audioPlay":false,"sceneViewState":{"showFog":true,"showMaterialUpdate":false,"showSkybox":true,"showFlares":true,"showImageEffects":true,"showParticleSystems":true},"in2DMode":false,"pivot":{"x":-7.215088367462158,"y":-0.23444390296936036,"z":-1.8936457633972169},"rotation":{"x":-0.05849364399909973,"y":0.9238145351409912,"z":-0.15697193145751954,"w":-0.34424901008605959},"size":16.18966293334961,"orthographic":false}